id,id_collectivite,code,nom,created_by,created_on,updated_by,updated_on
1,23,DRC080080100,BAFUNA,Olivier,11:48.5,NULL,NULL
2,4,DRC080080000,BAKANO,Olivier,11:48.5,NULL,NULL
4,13,DRC080070000,BAMBU,Olivier,11:48.5,NULL,NULL
6,23,DRC080080102,BANABANGI,Olivier,11:48.5,NULL,NULL
7,19,DRC080040300,BANYUNGU,Olivier,11:48.5,NULL,NULL
8,6,DRC080030200,BAPAITUMBA,Olivier,11:48.5,NULL,NULL
9,19,DRC080040301,BAPFUNA,Olivier,11:48.5,NULL,NULL
10,7,DRC080040100,BASHALI KAEMBE,Olivier,11:48.5,NULL,NULL
11,7,DRC080040101,BASHALI MUKOTO,Olivier,11:48.5,NULL,NULL
12,22,DRC080060100,BASONGORA,Olivier,11:48.5,Olivier,17:04.5
13,11,DRC080060301,BATANGI,Olivier,11:48.5,NULL,NULL
14,6,DRC080030201,BATIKE,Olivier,11:48.5,NULL,NULL
15,19,DRC080040302,BIIRI,Olivier,11:48.5,NULL,NULL
16,12,DRC080070100,BINZA,Olivier,11:48.5,NULL,NULL
17,13,DRC080070001,BISHUSHA,Olivier,11:48.5,NULL,NULL
18,22,DRC080060101,BOLEMA,Olivier,11:48.5,NULL,NULL
19,19,DRC080040303,BUABO,Olivier,11:48.5,NULL,NULL
20,14,DRC100050102,BUGOBE,Olivier,11:48.5,NULL,NULL
21,5,DRC080030001,BUHIMBA,Olivier,11:48.5,NULL,NULL
22,9,DRC080030300,BUKENYE,Olivier,11:48.5,NULL,NULL
23,12,DRC080070101,BUKOMA,Olivier,11:48.5,NULL,NULL
24,13,DRC080070002,BUKOMBO,Olivier,11:48.5,NULL,NULL
26,21,DRC100080101,BUNYAKIRI,Olivier,11:48.5,NULL,NULL
27,12,DRC080070102,BUSANZA,Olivier,11:48.5,NULL,NULL
28,9,DRC080030301,BUYORA,Olivier,11:48.5,NULL,NULL
29,40,DRC100030000,BUZI,Olivier,11:48.5,NULL,NULL
30,12,DRC080070103,BWEZA,Olivier,11:48.5,NULL,NULL
34,23,DRC080080103,IHANA,Olivier,11:48.5,NULL,NULL
35,23,DRC080080104,IKOBO,Olivier,11:48.5,NULL,NULL
36,8,DRC080060000,KASONGWERE-ISALE,Olivier,11:48.5,Olivier,11:48.9
37,10,DRC080030100,ITALA,Olivier,11:48.5,NULL,NULL
38,12,DRC080070104,JOMBA,Olivier,11:48.5,NULL,NULL
39,14,DRC100010007,KAGABI,Olivier,11:48.5,NULL,NULL
40,3,DRC080040000,KAMURONZA,Olivier,11:48.5,NULL,NULL
41,13,DRC080070003,KANYABAYONGA,Olivier,11:48.5,NULL,NULL
42,15,DRC080040200,KIBABI 2,Olivier,11:48.5,NULL,NULL
43,13,DRC080070004,KIHONDO,Olivier,11:48.5,NULL,NULL
44,12,DRC080070105,KISIGARI,Olivier,11:48.5,NULL,NULL
45,23,DRC080080105,KISIMBA 1,Olivier,11:48.5,Olivier,36:19.4
47,1,DRC100060002,LEMERA,Olivier,11:48.5,NULL,NULL
48,23,DRC080080107,LUBELIKE 1,Olivier,11:48.5,Olivier,16:05.6
49,20,DRC100060202,LUBERIZI,Olivier,11:48.5,NULL,NULL
50,5,DRC080030002,LUENGE,Olivier,11:48.5,NULL,NULL
51,9,DRC080030302,LUONGO,Olivier,11:48.5,NULL,NULL
52,15,DRC080040201,LWINDI,Olivier,11:48.5,NULL,NULL
53,8,DRC080060001,MASIKI-KALONGE,Olivier,11:48.5,Olivier,17:47.6
54,10,DRC080030305,MBULIE,Olivier,11:48.5,NULL,NULL
55,40,DRC100030005,MUBUKU,Olivier,11:48.5,NULL,NULL
57,3,DRC080040001,MUPFUNI KARUBA,Olivier,11:48.5,NULL,NULL
58,3,DRC080040002,MUPFUNI KIBABI,Olivier,11:48.5,NULL,NULL
59,3,DRC080040003,MUPFUNI MATANDA,Olivier,11:48.5,NULL,NULL
60,3,DRC080040004,MUPFUNI SHANGA,Olivier,11:48.5,NULL,NULL
61,10,DRC080030306,MUSINDI,Olivier,11:48.5,NULL,NULL
62,13,DRC080070005,MUTANDA,Olivier,11:48.5,NULL,NULL
63,9,DRC080030303,MWENYE,Olivier,11:48.5,NULL,NULL
64,9,DRC080030304,NGULO,Olivier,11:48.5,Olivier,19:22.0
65,15,DRC080040202,NYALIPE,Olivier,11:48.5,NULL,NULL
67,19,DRC080040304,NYAMABOKO 1,Olivier,11:48.5,NULL,NULL
68,15,DRC080040203,NYAMABOKO 2,Olivier,11:48.5,NULL,NULL
69,12,DRC080070106,RUGARI,Olivier,11:48.5,NULL,NULL
70,5,DRC080030000,TAMA,Olivier,11:48.5,NULL,NULL
71,13,DRC080070006,TONGO,Olivier,11:48.5,NULL,NULL
72,17,DRC100070100,BABWARI,Olivier,11:48.5,Olivier,14:37.0
73,3,DRC080040005,UFAMANDU 1,Olivier,11:48.5,NULL,NULL
74,15,DRC080040204,UFAMANDU 2,Olivier,11:48.5,NULL,NULL
75,23,DRC080080109,USALA,Olivier,11:48.5,NULL,NULL
76,23,DRC080080110,UTUNDA 1,Olivier,11:48.5,Olivier,39:01.1
77,5,DRC080030003,UTWE,Olivier,11:48.5,NULL,NULL
78,23,DRC080080112,WALOA-LOANDA,Olivier,11:48.5,NULL,NULL
79,23,DRC080080113,WALOA-UROBA,Olivier,11:48.5,Olivier,40:48.7
80,40,DRC100030006,ZIRALO,Olivier,11:48.5,NULL,NULL
86,25,DRC080050003,KIBUMBA,Patrick,52:32.7,Patrick,37:39.7
95,23,DRC080080115,WALOA-YUNGU,Patrick,08:11.0,Olivier,19:34.4
96,23,DRC080080101,BAKUSU,Patrick,17:37.0,NULL,NULL
97,25,DRC080050002,KIBATI,Patrick,57:17.2,NULL,NULL
98,40,DRC100030003,MBINGA-NORD,Patrick,35:09.4,Olivier,31:04.3
104,23,DRC080080114,WASA,Patrick,30:29.8,NULL,NULL
110,23,DRC080080106,KISIMBA 2,Olivier,36:33.8,NULL,NULL
111,23,DRC080080108,LUBELIKE 2,Olivier,37:48.9,Olivier,16:13.6
112,23,DRC080080111,UTUNDA 2,Olivier,39:34.7,NULL,NULL
113,25,DRC080050004,MUDJA,Olivier,32:34.9,NULL,NULL
114,25,DRC080050005,MUNIGI,Olivier,34:13.3,NULL,NULL
115,25,DRC080050006,RUSAYO,Olivier,36:22.4,NULL,NULL
116,25,DRC080050001,BUVIRA,Olivier,43:08.0,NULL,NULL
743,1,DRC100060000,ITARA-LUVUNGI,[Import],29:58.8,NULL,NULL
744,1,DRC100060001,KIGOMA,[Import],29:58.8,NULL,NULL
745,1,DRC100060003,MUHUNGU/BAFULIRO,[Import],29:58.8,Olivier,40:53.9
746,1,DRC100060004,RUNINGU,[Import],29:58.8,NULL,NULL
747,57,DRC100000100,BAGIRA Q A,[Import],29:58.8,NULL,NULL
748,57,DRC100000101,BAGIRA Q B,[Import],29:58.8,NULL,NULL
749,57,DRC100000102,BAGIRA Q C,[Import],29:58.8,NULL,NULL
750,57,DRC100000103,BAGIRA Q D,[Import],29:58.8,NULL,NULL
751,57,DRC100000104,LUGAMBA,[Import],29:58.8,NULL,NULL
752,57,DRC100000105,FARIALA,[Import],29:58.8,NULL,NULL
753,3,DRC080040006,VIRUNGA 2,[Import],29:58.8,NULL,NULL
754,4,DRC080080001,BAKONDJO,[Import],29:58.8,NULL,NULL
755,4,DRC080080002,KAHUZI BIEGA,[Import],29:58.8,NULL,NULL
756,38,DRC100040000,BACHUNGA,[Import],29:58.8,NULL,NULL
757,38,DRC100040001,BAGABO,[Import],29:58.8,NULL,NULL
758,38,DRC100040002,BALIGA,[Import],29:58.8,NULL,NULL
759,38,DRC100040003,BAMUGUBA-NORD,[Import],29:58.8,NULL,NULL
760,38,DRC100040004,BAMUGUBA-SUD,[Import],29:58.8,NULL,NULL
761,38,DRC100040005,BANGOMA,[Import],29:58.8,NULL,NULL
762,38,DRC100040006,BEYGALA,[Import],29:58.8,NULL,NULL
763,6,DRC080030202,BAPAKOMBE,[Import],29:58.8,NULL,NULL
764,6,DRC080030203,BAPUKARA,[Import],29:58.8,NULL,NULL
765,6,DRC080030204,BABIKA,[Import],29:58.8,NULL,NULL
766,6,DRC080030205,BAREDJA,[Import],29:58.8,NULL,NULL
767,6,DRC080030206,MAIKO,[Import],29:58.8,NULL,NULL
768,8,DRC080060002,BULAMBO-ISALE,[Import],29:58.8,NULL,NULL
769,8,DRC080060003,MALIO-BUTUHE,[Import],29:58.8,NULL,NULL
770,8,DRC080060004,ISALE-VUHOVI,[Import],29:58.8,NULL,NULL
771,8,DRC080060005,MASIKI-VAYANA,[Import],29:58.8,NULL,NULL
772,8,DRC080060006,BUNYUKA,[Import],29:58.8,NULL,NULL
773,8,DRC080060007,NANDIWE,[Import],29:58.8,NULL,NULL
774,8,DRC080060008,BAMBURA,[Import],29:58.8,NULL,NULL
775,62,DRC100050000,BABULINZI,[Import],29:58.8,NULL,NULL
776,62,DRC100050001,BALOBOLA,[Import],29:58.8,NULL,NULL
777,62,DRC100050002,BAMUNDA,[Import],29:58.8,NULL,NULL
778,62,DRC100050003,BASILUBANDA,[Import],29:58.8,NULL,NULL
779,62,DRC100050004,BASIMWENDA 1,[Import],29:58.8,NULL,NULL
780,62,DRC100050005,BASIMWENDA 2,[Import],29:58.8,NULL,NULL
781,62,DRC100050006,BASITONGA,[Import],29:58.8,NULL,NULL
782,62,DRC100050007,BATUMBA,[Import],29:58.8,NULL,NULL
783,62,DRC100050008,BAWANDA,[Import],29:58.8,NULL,NULL
784,62,DRC100050009,BIZALUGULU,[Import],29:58.8,NULL,NULL
785,9,DRC080030307,MUHOLA,[Import],29:58.8,NULL,NULL
786,9,DRC080030308,MANZIA,[Import],29:58.8,NULL,NULL
787,9,DRC080030309,MULENGYA,[Import],29:58.8,NULL,NULL
788,37,DRC100060100,BIJOMBO,[Import],29:58.8,NULL,NULL
789,37,DRC100060101,KABINDULA,[Import],29:58.8,NULL,NULL
790,37,DRC100060102,KALUNGWA,[Import],29:58.8,NULL,NULL
791,37,DRC100060103,KATALA,[Import],29:58.8,NULL,NULL
792,37,DRC100060104,KIJAGA,[Import],29:58.8,NULL,NULL
793,37,DRC100060105,KITUNDU,[Import],29:58.8,NULL,NULL
794,37,DRC100060106,MAKOBOLA,[Import],29:58.8,NULL,NULL
795,11,DRC080060300,BANANDE-KANAMA,[Import],29:58.8,NULL,NULL
796,11,DRC080060302,BASWANGHA,[Import],29:58.8,NULL,NULL
797,46,DRC080000000,MALEPE,[Import],29:58.8,NULL,NULL
798,46,DRC080000001,RWANGOMA,[Import],29:58.8,NULL,NULL
799,46,DRC080000002,BUTANUKA,[Import],29:58.8,NULL,NULL
800,46,DRC080000003,BENGULE,[Import],29:58.8,NULL,NULL
801,46,DRC080000004,LIAKOBO,[Import],29:58.8,NULL,NULL
802,46,DRC080000005,LUVAHEMBA,[Import],29:58.8,NULL,NULL
803,40,DRC100030001,KALIMA,[Import],29:58.8,NULL,NULL
804,40,DRC100030002,KALONGE,[Import],29:58.8,NULL,NULL
805,40,DRC100030004,MBINGA-SUD,[Import],29:58.8,NULL,NULL
806,25,DRC080050000,BUHUMBA,[Import],29:58.8,NULL,NULL
807,25,DRC080050007,NYIRAGONGO,[Import],29:58.8,NULL,NULL
808,51,DRC080010100,KYAHALA,[Import],29:58.8,NULL,NULL
809,51,DRC080010101,WANYENE,[Import],29:58.8,NULL,NULL
810,51,DRC080010102,RUGHENDA,[Import],29:58.8,NULL,NULL
811,51,DRC080010103,MUKUNA,[Import],29:58.8,NULL,NULL
812,51,DRC080010104,MUTIRI,[Import],29:58.8,NULL,NULL
813,51,DRC080010105,KAMESI MBONZO,[Import],29:58.8,NULL,NULL
814,51,DRC080010106,QUARTIER DE L'EVOCHT,[Import],29:58.8,NULL,NULL
815,51,DRC080010107,KALEMIRE,[Import],29:58.8,NULL,NULL
816,51,DRC080010108,KIMBULU,[Import],29:58.8,NULL,NULL
817,41,DRC100030100,BAGANA,[Import],29:58.8,NULL,NULL
818,41,DRC100030101,BITALE,[Import],29:58.8,NULL,NULL
819,41,DRC100030102,KARALI,[Import],29:58.8,NULL,NULL
820,41,DRC100030103,LUBENGERA,[Import],29:58.8,NULL,NULL
821,41,DRC100030104,MULONGE,[Import],29:58.8,NULL,NULL
822,41,DRC100030105,MUNYANDJIRO,[Import],29:58.8,NULL,NULL
823,41,DRC100030106,MUSENYI,[Import],29:58.8,NULL,NULL
824,41,DRC100030107,NDANDO,[Import],29:58.8,NULL,NULL
825,47,DRC080000100,PRTSIDENTIEL,[Import],29:58.8,NULL,NULL
826,47,DRC080000101,CITT BELGE,[Import],29:58.8,NULL,NULL
827,47,DRC080000102,KANZOLINZULI,[Import],29:58.8,NULL,NULL
828,47,DRC080000103,MAMBANGO,[Import],29:58.8,NULL,NULL
829,47,DRC080000104,PASISI,[Import],29:58.8,NULL,NULL
830,47,DRC080000105,MUKULIA,[Import],29:58.8,NULL,NULL
831,47,DRC080000106,MABOLIA,[Import],29:58.8,NULL,NULL
832,63,DRC100050100,BIRHALA,[Import],29:58.8,NULL,NULL
833,63,DRC100050101,BUDAHA,[Import],29:58.8,NULL,NULL
834,63,DRC100050103,BUHOGO,[Import],29:58.8,NULL,NULL
835,63,DRC100050104,CHIBINDYE,[Import],29:58.8,NULL,NULL
836,63,DRC100050105,CHIRERE,[Import],29:58.8,NULL,NULL
837,63,DRC100050106,CHIRIRI,[Import],29:58.8,NULL,NULL
838,63,DRC100050107,CHIZUKA,[Import],29:58.8,NULL,NULL
839,63,DRC100050108,ITUDU,[Import],29:58.8,NULL,NULL
840,63,DRC100050109,KALAMBO,[Import],29:58.8,NULL,NULL
841,63,DRC100050110,KARHENDEZI,[Import],29:58.8,NULL,NULL
842,63,DRC100050111,KITWABALUZI,[Import],29:58.8,NULL,NULL
843,63,DRC100050112,LUHUKU,[Import],29:58.8,NULL,NULL
844,63,DRC100050113,MULAMBI/BURHINYI,[Import],29:58.8,Olivier,41:24.0
845,63,DRC100050114,MULANGA,[Import],29:58.8,NULL,NULL
846,63,DRC100050115,NTONDO,[Import],29:58.8,NULL,NULL
847,63,DRC100050116,NYIRINDJA,[Import],29:58.8,NULL,NULL
848,63,DRC100050117,TSHESHERO,[Import],29:58.8,NULL,NULL
849,12,DRC080070107,VIRUNGA 1,[Import],29:58.8,NULL,NULL
850,54,DRC080020000,MIKENO,[Import],29:58.8,NULL,NULL
851,54,DRC080020001,MAPENDO/GOMA,[Import],29:58.8,NULL,NULL
852,54,DRC080020002,LES VOLCANS,[Import],29:58.8,NULL,NULL
853,54,DRC080020003,KATINDO,[Import],29:58.8,NULL,NULL
854,54,DRC080020004,HIMBI,[Import],29:58.8,NULL,NULL
855,54,DRC080020005,KYESHERO,[Import],29:58.8,NULL,NULL
856,54,DRC080020006,LAC VERT,[Import],29:58.8,NULL,NULL
857,56,DRC100000000,PANZI,[Import],29:58.8,NULL,NULL
858,56,DRC100000001,NDENDERE,[Import],29:58.8,NULL,NULL
859,56,DRC100000002,LABOTTE,[Import],29:58.8,NULL,NULL
860,56,DRC100000003,NYAWERA,[Import],29:58.8,NULL,NULL
861,56,DRC100000004,MUHUNGU/IBANDA,[Import],29:58.8,Olivier,41:02.3
862,56,DRC100000005,NGUBA,[Import],29:58.8,NULL,NULL
863,64,DRC100050200,BASIKAMAKULU,[Import],29:58.8,NULL,NULL
864,64,DRC100050201,BASIMUKINDJE 1,[Import],29:58.8,NULL,NULL
865,64,DRC100050202,BASIMUKINDJE 2,[Import],29:58.8,NULL,NULL
866,64,DRC100050203,BASIMUKUMA,[Import],29:58.8,NULL,NULL
867,64,DRC100050204,BASIMUNYAKA,[Import],29:58.8,NULL,NULL
868,64,DRC100050205,BASIMWENDA/ITOMBWE,[Import],29:58.8,NULL,NULL
869,14,DRC100010000,BUGODE,[Import],29:58.8,NULL,NULL
870,14,DRC100010001,BURHE,[Import],29:58.8,NULL,NULL
871,14,DRC100010002,BUSHUMBA,[Import],29:58.8,NULL,NULL
872,14,DRC100010003,BUSHWIRA,[Import],29:58.8,NULL,NULL
873,14,DRC100010004,CIRUNGA,[Import],29:58.8,NULL,NULL
874,14,DRC100010005,IRHAMBI-KATANA,[Import],29:58.8,NULL,NULL
875,14,DRC100010006,ISHUNGU,[Import],29:58.8,NULL,NULL
876,14,DRC100010008,LUGENDO,[Import],29:58.8,NULL,NULL
877,14,DRC100010009,LUHIHI,[Import],29:58.8,NULL,NULL
878,14,DRC100010010,MITI,[Import],29:58.8,NULL,NULL
879,14,DRC100010011,MUDUKA,[Import],29:58.8,NULL,NULL
880,14,DRC100010012,MUDUSA,[Import],29:58.8,NULL,NULL
881,14,DRC100010013,MUMOSHO,[Import],29:58.8,NULL,NULL
882,58,DRC100000200,NYAMUGO,[Import],29:58.8,NULL,NULL
883,58,DRC100000201,NKAFU,[Import],29:58.8,NULL,NULL
884,58,DRC100000202,MAENDELEO,[Import],29:58.8,NULL,NULL
885,58,DRC100000203,BUHOLO 1,[Import],29:58.8,NULL,NULL
886,58,DRC100000204,BUHOLO 2,[Import],29:58.8,NULL,NULL
887,58,DRC100000205,BUHOLO 3,[Import],29:58.8,NULL,NULL
888,58,DRC100000206,BUHOLO 4,[Import],29:58.8,NULL,NULL
889,58,DRC100000207,BUHOLO 5,[Import],29:58.8,NULL,NULL
890,58,DRC100000208,BUHOLO 6,[Import],29:58.8,NULL,NULL
891,58,DRC100000209,KASALI,[Import],29:58.8,NULL,NULL
892,58,DRC100000210,BINAME,[Import],29:58.8,NULL,NULL
893,58,DRC100000211,BUGABO,[Import],29:58.8,NULL,NULL
894,55,DRC080020100,NDOSHO,[Import],29:58.8,NULL,NULL
895,55,DRC080020101,MABANGA SUD,[Import],29:58.8,NULL,NULL
896,55,DRC080020102,MURARA,[Import],29:58.8,NULL,NULL
897,55,DRC080020103,MABANGA NORD,[Import],29:58.8,NULL,NULL
898,55,DRC080020104,VIRUNGA,[Import],29:58.8,NULL,NULL
899,55,DRC080020105,KASIKA,[Import],29:58.8,NULL,NULL
900,55,DRC080020106,MAJENGO,[Import],29:58.8,NULL,NULL
901,55,DRC080020107,KAHEMBE,[Import],29:58.8,NULL,NULL
902,55,DRC080020108,BUJOVU,[Import],29:58.8,NULL,NULL
903,55,DRC080020109,KATOYI,[Import],29:58.8,NULL,NULL
904,55,DRC080020110,MUGUNGA,[Import],29:58.8,NULL,NULL
905,59,DRC100000300,CIRIRI,[Import],29:58.8,NULL,NULL
906,59,DRC100000301,MULAMBULA,[Import],29:58.8,NULL,NULL
907,59,DRC100000302,MUSHERKERE,[Import],29:58.8,NULL,NULL
908,59,DRC100000303,CIKERA,[Import],29:58.8,NULL,NULL
909,15,DRC080040205,KAMBULE,[Import],29:58.8,NULL,NULL
910,60,DRC100020000,BULUMBWA,[Import],29:58.8,NULL,NULL
911,60,DRC100020001,BUTUZI,[Import],29:58.8,NULL,NULL
912,60,DRC100020002,CHIBANDA,[Import],29:58.8,NULL,NULL
913,60,DRC100020003,CHIBURHI,[Import],29:58.8,NULL,NULL
914,60,DRC100020004,CHIHUMBA,[Import],29:58.8,NULL,NULL
915,60,DRC100020005,CHIRHIMIRO,[Import],29:58.8,NULL,NULL
916,60,DRC100020006,KABEMBE,[Import],29:58.8,NULL,NULL
917,60,DRC100020007,KAHUNGWE,[Import],29:58.8,NULL,NULL
918,60,DRC100020008,KASHANGA,[Import],29:58.8,NULL,NULL
919,60,DRC100020009,KASHOZI,[Import],29:58.8,NULL,NULL
920,60,DRC100020010,LUKUBE,[Import],29:58.8,NULL,NULL
921,60,DRC100020011,MUCINGWA,[Import],29:58.8,NULL,NULL
922,60,DRC100020012,MUHUMBA,[Import],29:58.8,NULL,NULL
923,60,DRC100020013,MULAMBI/KAZIBA,[Import],29:58.8,Olivier,41:33.0
924,60,DRC100020014,NGANDO,[Import],29:58.8,NULL,NULL
925,52,DRC080010200,CENTRE COMMERCIAL,[Import],29:58.8,NULL,NULL
926,52,DRC080010201,LUMUMBA,[Import],29:58.8,NULL,NULL
927,52,DRC080010202,MATEMBE,[Import],29:58.8,NULL,NULL
928,52,DRC080010203,BWUNYOLE,[Import],29:58.8,NULL,NULL
929,52,DRC080010204,BIOMBI,[Import],29:58.8,NULL,NULL
930,52,DRC080010205,NGERE,[Import],29:58.8,NULL,NULL
931,52,DRC080010206,VUTSUNDO,[Import],29:58.8,NULL,NULL
932,52,DRC080010207,VUTETSE,[Import],29:58.8,NULL,NULL
933,66,DRC100050400,BUJIRI,[Import],29:58.8,NULL,NULL
934,66,DRC100050401,BURHEMBO,[Import],29:58.8,NULL,NULL
935,66,DRC100050402,CHIBANDA 2,[Import],29:58.8,NULL,NULL
936,66,DRC100050403,IDUNDWE,[Import],29:58.8,NULL,NULL
937,66,DRC100050404,KABALOLE,[Import],29:58.8,NULL,NULL
938,66,DRC100050405,KARHUNDU,[Import],29:58.8,NULL,NULL
939,66,DRC100050406,LUCHIGA/LUHWINDJA,[Import],29:58.8,Olivier,39:52.7
940,66,DRC100050407,LUDUHA,[Import],29:58.8,NULL,NULL
941,66,DRC100050408,MULAMA,[Import],29:58.8,NULL,NULL
942,43,DRC100070000,BASIKASONGO,[Import],29:58.8,NULL,NULL
943,43,DRC100070001,BASIMIMBI,[Import],29:58.8,NULL,NULL
944,43,DRC100070002,BASIMUNYAKA-SUD,[Import],29:58.8,NULL,NULL
945,43,DRC100070003,BASOMBO,[Import],29:58.8,NULL,NULL
946,43,DRC100070004,OBEKULU,[Import],29:58.8,NULL,NULL
947,65,DRC100050300,ILOWE,[Import],29:58.8,NULL,NULL
948,65,DRC100050301,IRANGI,[Import],29:58.8,NULL,NULL
949,65,DRC100050302,IYANGA,[Import],29:58.8,NULL,NULL
950,65,DRC100050303,KALAMBI,[Import],29:58.8,NULL,NULL
951,65,DRC100050304,KIGOGO,[Import],29:58.8,NULL,NULL
952,65,DRC100050305,KILEMBWE,[Import],29:58.8,NULL,NULL
953,65,DRC100050306,KIONVU,[Import],29:58.8,NULL,NULL
954,65,DRC100050307,MUKANGALA,[Import],29:58.8,NULL,NULL
955,48,DRC080000200,MATONGE,[Import],29:58.8,NULL,NULL
956,48,DRC080000201,BUNJI,[Import],29:58.8,NULL,NULL
957,48,DRC080000202,KASANGA-TUHA,[Import],29:58.8,NULL,NULL
958,48,DRC080000203,BUTIRI,[Import],29:58.8,NULL,NULL
959,48,DRC080000204,KALINDA,[Import],29:58.8,NULL,NULL
960,48,DRC080000205,MASIANI,[Import],29:58.8,NULL,NULL
961,48,DRC080000206,MATEMBO,[Import],29:58.8,NULL,NULL
962,48,DRC080000207,NGONGOLIO,[Import],29:58.8,NULL,NULL
963,48,DRC080000208,SAYO,[Import],29:58.8,NULL,NULL
964,48,DRC080000209,TAMENDE,[Import],29:58.8,NULL,NULL
965,50,DRC080010000,KATWA,[Import],29:58.8,NULL,NULL
966,50,DRC080010001,MATANDA,[Import],29:58.8,NULL,NULL
967,50,DRC080010002,VUNGI,[Import],29:58.8,NULL,NULL
968,50,DRC080010003,NGINGI,[Import],29:58.8,NULL,NULL
969,50,DRC080010004,BWINONGO,[Import],29:58.8,NULL,NULL
970,50,DRC080010005,KITULU,[Import],29:58.8,NULL,NULL
971,50,DRC080010006,VIGHOLE,[Import],29:58.8,NULL,NULL
972,17,DRC100070101,BALALA-DUD,[Import],29:58.8,NULL,NULL
973,17,DRC100070102,BASIMUKINDJE,[Import],29:58.8,NULL,NULL
974,17,DRC100070103,BASIMUKUMA-SUD,[Import],29:58.8,NULL,NULL
975,17,DRC100070104,BATOMBWE,[Import],29:58.8,NULL,NULL
976,44,DRC100070200,BABUNGWE-SUD,[Import],29:58.8,NULL,NULL
977,44,DRC100070201,BASIKALANGWA,[Import],29:58.8,NULL,NULL
978,44,DRC100070202,BASIKASILU,[Import],29:58.8,NULL,NULL
979,61,DRC100020100,BURHALE,[Import],29:58.8,NULL,NULL
980,61,DRC100020101,IKOMA,[Import],29:58.8,NULL,NULL
981,61,DRC100020102,IRONGO,[Import],29:58.8,NULL,NULL
982,61,DRC100020103,IZEGE,[Import],29:58.8,NULL,NULL
983,61,DRC100020104,KAMANYOLA,[Import],29:58.8,NULL,NULL
984,61,DRC100020105,KAMISIMBI,[Import],29:58.8,NULL,NULL
985,61,DRC100020106,KANIOLA,[Import],29:58.8,NULL,NULL
986,61,DRC100020107,KARHONGO,[Import],29:58.8,NULL,NULL
987,61,DRC100020108,LUBONA,[Import],29:58.8,NULL,NULL
988,61,DRC100020109,LUCHIGA/NGWESHE,[Import],29:58.8,Olivier,40:07.1
989,61,DRC100020110,LURHALA,[Import],29:58.8,NULL,NULL
990,61,DRC100020111,MULAMBA,[Import],29:58.8,NULL,NULL
991,61,DRC100020112,MUSHINGA,[Import],29:58.8,NULL,NULL
992,61,DRC100020113,NDUBA,[Import],29:58.8,NULL,NULL
993,61,DRC100020114,TUBIMBI,[Import],29:58.8,NULL,NULL
994,61,DRC100020115,WALUNGU,[Import],29:58.8,NULL,NULL
995,42,DRC100010100,IHEMBE,[Import],29:58.8,NULL,NULL
996,42,DRC100010101,IRHEGA-BARONYI,[Import],29:58.8,NULL,NULL
997,42,DRC100010102,LUHAGO,[Import],29:58.8,NULL,NULL
998,18,DRC100080000,MPENE,[Import],29:58.8,NULL,NULL
999,18,DRC100080001,MUGOTE,[Import],29:58.8,NULL,NULL
1000,18,DRC100080002,NYKALENGWA,[Import],29:58.8,NULL,NULL
1001,20,DRC100060200,KABUNAMBO,[Import],29:58.8,NULL,NULL
1002,20,DRC100060201,KAGANDO,[Import],29:58.8,NULL,NULL
1003,20,DRC100060203,KAKAMBA,[Import],29:58.8,NULL,NULL
1004,21,DRC100080100,BUGARULA,[Import],29:58.8,NULL,NULL
1005,21,DRC100080102,KIHUMBA,[Import],29:58.8,NULL,NULL
1006,22,DRC080060102,BULIKI,[Import],29:58.8,NULL,NULL
1007,22,DRC080060103,MALAMBO,[Import],29:58.8,NULL,NULL
1008,22,DRC080060104,VIRUNGA3,[Import],29:58.8,NULL,NULL
1009,49,DRC080000300,KASABINYOLE,[Import],29:58.8,NULL,NULL
1010,49,DRC080000301,BAKANZA,[Import],29:58.8,NULL,NULL
1011,49,DRC080000302,BOIKEN,[Import],29:58.8,NULL,NULL
1012,49,DRC080000303,NGADI,[Import],29:58.8,NULL,NULL
1013,49,DRC080000304,NDJUMA,[Import],29:58.8,NULL,NULL
1014,49,DRC080000305,PAIDA,[Import],29:58.8,NULL,NULL
1015,45,DRC100070300,BABUNGWE-NORD,[Import],29:58.8,NULL,NULL
1016,45,DRC100070301,BALALA-NORD,[Import],29:58.8,NULL,NULL
1017,45,DRC100070302,BASILOTSHA,[Import],29:58.8,NULL,NULL
1018,45,DRC100070303,BASIMUKUMA-NORD,[Import],29:58.8,NULL,NULL
1019,45,DRC100070304,BASIMUNYAKA-NORD,[Import],29:58.8,NULL,NULL
1020,53,DRC080010300,KAMBALI,[Import],29:58.8,NULL,NULL
1021,53,DRC080010301,CONGO YA SIKA,[Import],29:58.8,NULL,NULL
1022,53,DRC080010302,MAPENDO/VULAMBA,[Import],29:58.8,Olivier,40:33.1
1023,53,DRC080010303,MUKALANGIRWA,[Import],29:58.8,NULL,NULL
1024,39,DRC100040100,BASITABIYALE,[Import],29:58.8,NULL,NULL
1025,39,DRC100040101,BATALI,[Import],29:58.8,NULL,NULL
1026,39,DRC100040102,IKAMA-KASANZA,[Import],29:58.8,NULL,NULL
1027,39,DRC100040103,NKULU,[Import],29:58.8,NULL,NULL
1028,67,DRC100050500,BABONGOLO,[Import],29:58.8,NULL,NULL
1029,67,DRC100050501,BAGEZI,[Import],29:58.8,NULL,NULL
1030,67,DRC100050502,BAGUNDA,[Import],29:58.8,NULL,NULL
1031,67,DRC100050503,BAKUTE,[Import],29:58.8,NULL,NULL
1032,67,DRC100050504,BALIGI,[Import],29:58.8,NULL,NULL
1033,67,DRC100050505,BALINZI,[Import],29:58.8,NULL,NULL
1034,67,DRC100050506,BAMULINDA,[Import],29:58.8,NULL,NULL
1035,67,DRC100050507,BANAKYUNGU,[Import],29:58.8,NULL,NULL
1036,67,DRC100050508,BANAMUKIKA,[Import],29:58.8,NULL,NULL
1037,67,DRC100050509,BANAPUTE,[Import],29:58.8,NULL,NULL
1038,67,DRC100050510,BASIBUGEMBE,[Import],29:58.8,NULL,NULL
1039,67,DRC100050511,BASIKASA,[Import],29:58.8,NULL,NULL
1040,67,DRC100050512,BASIKUMBILWA,[Import],29:58.8,NULL,NULL
1041,67,DRC100050513,BASIMBI,[Import],29:58.8,NULL,NULL
1042,67,DRC100050514,BASIMWENDA/WAMUZIMU,[Import],29:58.8,NULL,NULL
1043,67,DRC100050515,BASITABYALE,[Import],29:58.8,NULL,NULL
1044,67,DRC100050516,BAWANDEME,[Import],29:58.8,NULL,NULL
1045,67,DRC100050517,BINGILI,[Import],29:58.8,NULL,NULL
1046,67,DRC100050518,BUSE,[Import],29:58.8,NULL,NULL
1047,67,DRC100050519,BASIKAMAGXX,[Import],29:58.8,NULL,NULL
1048,36,DRC080060200,BAHUMU,[Import],29:58.8,NULL,NULL
1049,36,DRC080060201,BAWISA,[Import],29:58.8,NULL,NULL
1050,36,DRC080060202,WATALINGA,[Import],29:58.8,NULL,NULL
